{
  "minecraft:recipes/decorations/crafting_table": {
    "criteria": {
      "unlock_right_away": "2024-06-26 01:22:23 +0000"
    },
    "done": true
  },
  "minecraft:adventure/adventuring_time": {
    "criteria": {
      "minecraft:old_growth_birch_forest": "2024-06-26 01:22:24 +0000",
      "minecraft:dark_forest": "2024-06-26 01:26:15 +0000",
      "minecraft:forest": "2024-06-26 01:23:42 +0000",
      "minecraft:river": "2024-06-26 01:23:50 +0000",
      "minecraft:birch_forest": "2024-06-26 01:23:51 +0000"
    },
    "done": false
  },
  "DataVersion": 3700
}